Organization,Country,ISO_Alpha3,Region,Scope,Value_Chain,Commodity,Engagements,Member_Type,Activity_Locations,Membership_Structure,Indirect_Members,Indirect_Member_Countries,Indirect_Member_Commodity,Presence_Type,Website,Source_Country_HQ,Source_Active_Engagements_Projects,Official_Source_URL,Official_Description,Official_Notes
Canada Grains Council,Canada,CAN,North America,National,Trade / Industry Association,"Grains (wheat, barley, oats, etc.)",3,Value-chain organizations (associations + companies + research/public institutions),Canada,Member-driven association (multi-segment value chain),"National commodity and sector associations representing the Canadian grain value chain, including grower groups, grain handlers, exporters, processors, and input suppliers (e.g. Grain Growers of Canada; Cereals Canada; Pulse Canada; Western Grain Elevator Association).",Canada,"Grains, oilseeds, pulses; producers; grain handling/export; processing; crop inputs",HQ,https://canadagrainscouncil.ca/,Canada,Grain trade policy advocacy; regulatory engagement; export market access initiatives,https://canadagrainscouncil.ca/about-canada-grains-council/,"Canada Grains Council (CGC) is a national, member driven organization representing Canadian grain, oilseed, pulse and special crop sectors, and we provide a unified vision on key issues to drive effective policies and meaningful change.",
Canadian Canola Growers Association (CCGA),Canada,CAN,North America,National,Producers (Farmers),Canola (Oilseeds),3,Farmers / Producer Associations,Canada,Federated (provincial associations),"Provincial canola grower associations representing approximately 43,000 Canadian canola farmers (Alberta Canola, SaskOilseeds, Manitoba Canola Growers, Ontario Canola Growers, and BC Grain Producers Association.).",Canada,Canola/oilseed production (farmers),HQ,https://www.ccga.ca/,Canada,Representation of canola farmers; Advance Payments Program; trade and sustainability advocacy,https://www.ccga.ca/about/,"Canadian Canola Growers Association is farmer-founded and farmer-led, representing approximately 40,000 canola farmers across Canada.",
CropLife International,Belgium,BEL,Europe,Global,Input suppliers / agri-technology,"Crop protection & biotech (seeds, pesticides, GM traits",2,Companies + Associations,United States; Belgium; Brazil; Argentina; Australia; India; Kenya,Hybrid (corporate + association),"National and regional crop protection associations and leading R&D companies, including Bayer; BASF; Corteva Agriscience; Syngenta Group; FMC; Sumitomo Chemical.","Global (Africa, Americas, Asia-Pacific, Europe, Middle East)","Crop protection, plant science, seeds/biotech inputs",HQ,https://croplife.org/,HQ: Belgium,Advocacy for crop protection technologies; stewardship and regulatory engagement,https://croplife.org/who-we-are/,"As a global advocate for the plant science industry, CropLife International champions innovative technologies that enable farmers to sustainably increase productivity while managing the critical challenges facing our climate and the environment.",
CropLife International,United States,USA,North America,Global,Input suppliers / agri-technology,"Crop protection & biotech (seeds, pesticides, GM traits",2,Companies + Associations,United States; Belgium; Brazil; Argentina; Australia; India; Kenya,Hybrid (corporate + association),"National and regional crop protection associations and leading R&D companies, including Bayer; BASF; Corteva Agriscience; Syngenta Group; FMC; Sumitomo Chemical.","Global (Africa, Americas, Asia-Pacific, Europe, Middle East)","Crop protection, plant science, seeds/biotech inputs",Activity,https://croplife.org/,HQ: Belgium,Advocacy for crop protection technologies; stewardship and regulatory engagement,https://croplife.org/who-we-are/,"As a global advocate for the plant science industry, CropLife International champions innovative technologies that enable farmers to sustainably increase productivity while managing the critical challenges facing our climate and the environment.",
CropLife International,Brazil,BRA,South America,Global,Input suppliers / agri-technology,"Crop protection & biotech (seeds, pesticides, GM traits",2,Companies + Associations,United States; Belgium; Brazil; Argentina; Australia; India; Kenya,Hybrid (corporate + association),"National and regional crop protection associations and leading R&D companies, including Bayer; BASF; Corteva Agriscience; Syngenta Group; FMC; Sumitomo Chemical.","Global (Africa, Americas, Asia-Pacific, Europe, Middle East)","Crop protection, plant science, seeds/biotech inputs",Activity,https://croplife.org/,HQ: Belgium,Advocacy for crop protection technologies; stewardship and regulatory engagement,https://croplife.org/who-we-are/,"As a global advocate for the plant science industry, CropLife International champions innovative technologies that enable farmers to sustainably increase productivity while managing the critical challenges facing our climate and the environment.",
CropLife International,Argentina,ARG,South America,Global,Input suppliers / agri-technology,"Crop protection & biotech (seeds, pesticides, GM traits",2,Companies + Associations,United States; Belgium; Brazil; Argentina; Australia; India; Kenya,Hybrid (corporate + association),"National and regional crop protection associations and leading R&D companies, including Bayer; BASF; Corteva Agriscience; Syngenta Group; FMC; Sumitomo Chemical.","Global (Africa, Americas, Asia-Pacific, Europe, Middle East)","Crop protection, plant science, seeds/biotech inputs",Activity,https://croplife.org/,HQ: Belgium,Advocacy for crop protection technologies; stewardship and regulatory engagement,https://croplife.org/who-we-are/,"As a global advocate for the plant science industry, CropLife International champions innovative technologies that enable farmers to sustainably increase productivity while managing the critical challenges facing our climate and the environment.",
CropLife International,Australia,AUS,Oceania,Global,Input suppliers / agri-technology,"Crop protection & biotech (seeds, pesticides, GM traits",2,Companies + Associations,United States; Belgium; Brazil; Argentina; Australia; India; Kenya,Hybrid (corporate + association),"National and regional crop protection associations and leading R&D companies, including Bayer; BASF; Corteva Agriscience; Syngenta Group; FMC; Sumitomo Chemical.","Global (Africa, Americas, Asia-Pacific, Europe, Middle East)","Crop protection, plant science, seeds/biotech inputs",Activity,https://croplife.org/,HQ: Belgium,Advocacy for crop protection technologies; stewardship and regulatory engagement,https://croplife.org/who-we-are/,"As a global advocate for the plant science industry, CropLife International champions innovative technologies that enable farmers to sustainably increase productivity while managing the critical challenges facing our climate and the environment.",
CropLife International,India,IND,Asia,Global,Input suppliers / agri-technology,"Crop protection & biotech (seeds, pesticides, GM traits",2,Companies + Associations,United States; Belgium; Brazil; Argentina; Australia; India; Kenya,Hybrid (corporate + association),"National and regional crop protection associations and leading R&D companies, including Bayer; BASF; Corteva Agriscience; Syngenta Group; FMC; Sumitomo Chemical.","Global (Africa, Americas, Asia-Pacific, Europe, Middle East)","Crop protection, plant science, seeds/biotech inputs",Activity,https://croplife.org/,HQ: Belgium,Advocacy for crop protection technologies; stewardship and regulatory engagement,https://croplife.org/who-we-are/,"As a global advocate for the plant science industry, CropLife International champions innovative technologies that enable farmers to sustainably increase productivity while managing the critical challenges facing our climate and the environment.",
CropLife International,Kenya,KEN,Africa,Global,Input suppliers / agri-technology,"Crop protection & biotech (seeds, pesticides, GM traits",2,Companies + Associations,United States; Belgium; Brazil; Argentina; Australia; India; Kenya,Hybrid (corporate + association),"National and regional crop protection associations and leading R&D companies, including Bayer; BASF; Corteva Agriscience; Syngenta Group; FMC; Sumitomo Chemical.","Global (Africa, Americas, Asia-Pacific, Europe, Middle East)","Crop protection, plant science, seeds/biotech inputs",Activity,https://croplife.org/,HQ: Belgium,Advocacy for crop protection technologies; stewardship and regulatory engagement,https://croplife.org/who-we-are/,"As a global advocate for the plant science industry, CropLife International champions innovative technologies that enable farmers to sustainably increase productivity while managing the critical challenges facing our climate and the environment.",
Global Dairy Platform (GDP),United States,USA,North America,Global,Value-chain coordination & advocacy,Dairy,3,Companies + Cooperatives + Associations,United States; New Zealand; Ireland; Netherlands; France,Corporate-led alliance,"Global dairy companies, cooperatives, processors, and associations across the dairy value chain, including Fonterra; Arla Foods; Dairy Farmers of America; Danone; Nestlé; FrieslandCampina; Lactalis; Saputo; and sector bodies such as IDF.",United States; New Zealand; India; Denmark; Netherlands; Canada; France; global,"Dairy farming, dairy processing, dairy trade and nutrition/science bodies",HQ,https://globaldairyplatform.com/,HQ: USA,Dairy sustainability initiatives; Pathways to Dairy Net Zero; nutrition and food security collaboration,https://globaldairyplatform.com/about/,"Global Dairy Platform leads the dairy sector’s collective efforts in illustrating dairy’s remarkable contribution to global food systems, healthy diets and sustainable livelihoods.",
Global Dairy Platform (GDP),New Zealand,NZL,Oceania,Global,Value-chain coordination & advocacy,Dairy,3,Companies + Cooperatives + Associations,United States; New Zealand; Ireland; Netherlands; France,Corporate-led alliance,"Global dairy companies, cooperatives, processors, and associations across the dairy value chain, including Fonterra; Arla Foods; Dairy Farmers of America; Danone; Nestlé; FrieslandCampina; Lactalis; Saputo; and sector bodies such as IDF.",United States; New Zealand; India; Denmark; Netherlands; Canada; France; global,"Dairy farming, dairy processing, dairy trade and nutrition/science bodies",Activity,https://globaldairyplatform.com/,HQ: USA,Dairy sustainability initiatives; Pathways to Dairy Net Zero; nutrition and food security collaboration,https://globaldairyplatform.com/about/,"Global Dairy Platform leads the dairy sector’s collective efforts in illustrating dairy’s remarkable contribution to global food systems, healthy diets and sustainable livelihoods.",
Global Dairy Platform (GDP),Ireland,IRL,Europe,Global,Value-chain coordination & advocacy,Dairy,3,Companies + Cooperatives + Associations,United States; New Zealand; Ireland; Netherlands; France,Corporate-led alliance,"Global dairy companies, cooperatives, processors, and associations across the dairy value chain, including Fonterra; Arla Foods; Dairy Farmers of America; Danone; Nestlé; FrieslandCampina; Lactalis; Saputo; and sector bodies such as IDF.",United States; New Zealand; India; Denmark; Netherlands; Canada; France; global,"Dairy farming, dairy processing, dairy trade and nutrition/science bodies",Activity,https://globaldairyplatform.com/,HQ: USA,Dairy sustainability initiatives; Pathways to Dairy Net Zero; nutrition and food security collaboration,https://globaldairyplatform.com/about/,"Global Dairy Platform leads the dairy sector’s collective efforts in illustrating dairy’s remarkable contribution to global food systems, healthy diets and sustainable livelihoods.",
Global Dairy Platform (GDP),Netherlands,NLD,Europe,Global,Value-chain coordination & advocacy,Dairy,3,Companies + Cooperatives + Associations,United States; New Zealand; Ireland; Netherlands; France,Corporate-led alliance,"Global dairy companies, cooperatives, processors, and associations across the dairy value chain, including Fonterra; Arla Foods; Dairy Farmers of America; Danone; Nestlé; FrieslandCampina; Lactalis; Saputo; and sector bodies such as IDF.",United States; New Zealand; India; Denmark; Netherlands; Canada; France; global,"Dairy farming, dairy processing, dairy trade and nutrition/science bodies",Activity,https://globaldairyplatform.com/,HQ: USA,Dairy sustainability initiatives; Pathways to Dairy Net Zero; nutrition and food security collaboration,https://globaldairyplatform.com/about/,"Global Dairy Platform leads the dairy sector’s collective efforts in illustrating dairy’s remarkable contribution to global food systems, healthy diets and sustainable livelihoods.",
Global Dairy Platform (GDP),France,FRA,Europe,Global,Value-chain coordination & advocacy,Dairy,3,Companies + Cooperatives + Associations,United States; New Zealand; Ireland; Netherlands; France,Corporate-led alliance,"Global dairy companies, cooperatives, processors, and associations across the dairy value chain, including Fonterra; Arla Foods; Dairy Farmers of America; Danone; Nestlé; FrieslandCampina; Lactalis; Saputo; and sector bodies such as IDF.",United States; New Zealand; India; Denmark; Netherlands; Canada; France; global,"Dairy farming, dairy processing, dairy trade and nutrition/science bodies",Activity,https://globaldairyplatform.com/,HQ: USA,Dairy sustainability initiatives; Pathways to Dairy Net Zero; nutrition and food security collaboration,https://globaldairyplatform.com/about/,"Global Dairy Platform leads the dairy sector’s collective efforts in illustrating dairy’s remarkable contribution to global food systems, healthy diets and sustainable livelihoods.",
Global Farmer Network,United States,USA,North America,Global,Producers / farmer advocacy,Multi-commodity (crop & livestock),1,Individual Farmers,United States; Brazil; India; Kenya; Philippines; Argentina,Individual membership,"Individual farmer-leaders selected from over 60 countries, representing diverse crop and livestock systems; participation is in an individual capacity, not as organizations.",N/A,N/A,HQ,https://globalfarmernetwork.org/,HQ: USA,"Farmer advocacy on agricultural trade, technology adoption, and food security",https://globalfarmernetwork.org/about-us/,"The Global Farmer Network amplifies the farmers’ voice in promoting trade, technology, sustainable farming, economic growth, and food security.",
Global Farmer Network,Brazil,BRA,South America,Global,Producers / farmer advocacy,Multi-commodity (crop & livestock),1,Individual Farmers,United States; Brazil; India; Kenya; Philippines; Argentina,Individual membership,"Individual farmer-leaders selected from over 60 countries, representing diverse crop and livestock systems; participation is in an individual capacity, not as organizations.",N/A,N/A,Activity,https://globalfarmernetwork.org/,HQ: USA,"Farmer advocacy on agricultural trade, technology adoption, and food security",https://globalfarmernetwork.org/about-us/,"The Global Farmer Network amplifies the farmers’ voice in promoting trade, technology, sustainable farming, economic growth, and food security.",
Global Farmer Network,India,IND,Asia,Global,Producers / farmer advocacy,Multi-commodity (crop & livestock),1,Individual Farmers,United States; Brazil; India; Kenya; Philippines; Argentina,Individual membership,"Individual farmer-leaders selected from over 60 countries, representing diverse crop and livestock systems; participation is in an individual capacity, not as organizations.",N/A,N/A,Activity,https://globalfarmernetwork.org/,HQ: USA,"Farmer advocacy on agricultural trade, technology adoption, and food security",https://globalfarmernetwork.org/about-us/,"The Global Farmer Network amplifies the farmers’ voice in promoting trade, technology, sustainable farming, economic growth, and food security.",
Global Farmer Network,Kenya,KEN,Africa,Global,Producers / farmer advocacy,Multi-commodity (crop & livestock),1,Individual Farmers,United States; Brazil; India; Kenya; Philippines; Argentina,Individual membership,"Individual farmer-leaders selected from over 60 countries, representing diverse crop and livestock systems; participation is in an individual capacity, not as organizations.",N/A,N/A,Activity,https://globalfarmernetwork.org/,HQ: USA,"Farmer advocacy on agricultural trade, technology adoption, and food security",https://globalfarmernetwork.org/about-us/,"The Global Farmer Network amplifies the farmers’ voice in promoting trade, technology, sustainable farming, economic growth, and food security.",
Global Farmer Network,Philippines,PHL,Asia,Global,Producers / farmer advocacy,Multi-commodity (crop & livestock),1,Individual Farmers,United States; Brazil; India; Kenya; Philippines; Argentina,Individual membership,"Individual farmer-leaders selected from over 60 countries, representing diverse crop and livestock systems; participation is in an individual capacity, not as organizations.",N/A,N/A,Activity,https://globalfarmernetwork.org/,HQ: USA,"Farmer advocacy on agricultural trade, technology adoption, and food security",https://globalfarmernetwork.org/about-us/,"The Global Farmer Network amplifies the farmers’ voice in promoting trade, technology, sustainable farming, economic growth, and food security.",
Global Farmer Network,Argentina,ARG,South America,Global,Producers / farmer advocacy,Multi-commodity (crop & livestock),1,Individual Farmers,United States; Brazil; India; Kenya; Philippines; Argentina,Individual membership,"Individual farmer-leaders selected from over 60 countries, representing diverse crop and livestock systems; participation is in an individual capacity, not as organizations.",N/A,N/A,Activity,https://globalfarmernetwork.org/,HQ: USA,"Farmer advocacy on agricultural trade, technology adoption, and food security",https://globalfarmernetwork.org/about-us/,"The Global Farmer Network amplifies the farmers’ voice in promoting trade, technology, sustainable farming, economic growth, and food security.",
Global Pulse Confederation (GPC),UAE,ARE,Middle East,Global,Trade / Industry Federation,"Pulses (lentils, peas, chickpeas, beans)",3,Associations + Companies,United States; Australia; India; United Arab Emirates,Federated + corporate,"National pulse associations and private-sector pulse companies, including Pulse Canada; USA Dry Pea & Lentil Council; Indian Pulses and Grains Association (IPGA); Australian Pulse Industry Association; and global traders and processors.","Global (including Canada, USA, India, Australia, UAE, Brazil, Argentina, China, Japan, Mexico, Egypt)","Pulses value chain (production, trading, processing, logistics, research)",HQ,https://globalpulses.com/,HQ: UAE,Pulse trade promotion; Pulses Conference; market intelligence and networking,https://globalpulses.com/,Nonprofit association for the pulse industry supply chain.,Official site title identifies the organization as Global Pulse Confederation.
Global Pulse Confederation (GPC),United States,USA,North America,Global,Trade / Industry Federation,"Pulses (lentils, peas, chickpeas, beans)",3,Associations + Companies,United States; Australia; India; United Arab Emirates,Federated + corporate,"National pulse associations and private-sector pulse companies, including Pulse Canada; USA Dry Pea & Lentil Council; Indian Pulses and Grains Association (IPGA); Australian Pulse Industry Association; and global traders and processors.","Global (including Canada, USA, India, Australia, UAE, Brazil, Argentina, China, Japan, Mexico, Egypt)","Pulses value chain (production, trading, processing, logistics, research)",Activity,https://globalpulses.com/,HQ: UAE,Pulse trade promotion; Pulses Conference; market intelligence and networking,https://globalpulses.com/,Nonprofit association for the pulse industry supply chain.,Official site title identifies the organization as Global Pulse Confederation.
Global Pulse Confederation (GPC),Australia,AUS,Oceania,Global,Trade / Industry Federation,"Pulses (lentils, peas, chickpeas, beans)",3,Associations + Companies,United States; Australia; India; United Arab Emirates,Federated + corporate,"National pulse associations and private-sector pulse companies, including Pulse Canada; USA Dry Pea & Lentil Council; Indian Pulses and Grains Association (IPGA); Australian Pulse Industry Association; and global traders and processors.","Global (including Canada, USA, India, Australia, UAE, Brazil, Argentina, China, Japan, Mexico, Egypt)","Pulses value chain (production, trading, processing, logistics, research)",Activity,https://globalpulses.com/,HQ: UAE,Pulse trade promotion; Pulses Conference; market intelligence and networking,https://globalpulses.com/,Nonprofit association for the pulse industry supply chain.,Official site title identifies the organization as Global Pulse Confederation.
Global Pulse Confederation (GPC),India,IND,Asia,Global,Trade / Industry Federation,"Pulses (lentils, peas, chickpeas, beans)",3,Associations + Companies,United States; Australia; India; United Arab Emirates,Federated + corporate,"National pulse associations and private-sector pulse companies, including Pulse Canada; USA Dry Pea & Lentil Council; Indian Pulses and Grains Association (IPGA); Australian Pulse Industry Association; and global traders and processors.","Global (including Canada, USA, India, Australia, UAE, Brazil, Argentina, China, Japan, Mexico, Egypt)","Pulses value chain (production, trading, processing, logistics, research)",Activity,https://globalpulses.com/,HQ: UAE,Pulse trade promotion; Pulses Conference; market intelligence and networking,https://globalpulses.com/,Nonprofit association for the pulse industry supply chain.,Official site title identifies the organization as Global Pulse Confederation.
Grain and Feed Trade Association (GAFTA),UK,GBR,Europe,Global,Trade / Arbitration,"Grains, Feed",3,Companies,United Kingdom; Switzerland; Singapore; China; Ukraine,Corporate membership,"International grain, oilseed, and feed trading companies and service providers, including traders, brokers, inspection firms, arbitrators, and fumigation companies (e.g. Cargill; ADM; Bunge; Louis Dreyfus Company; COFCO International; SGS).",N/A,N/A,HQ,https://www.gafta.com/,HQ: UK,Grain and feed trade contracts; arbitration; trade standards and training,https://www.gafta.com/home-content/about/,"Gafta is an international trade association with over 1900 members in 100 countries. Our aim is to promote international trade in agricultural commodities, spices and general produce, and to protect our members’ interests worldwide.",
Grain and Feed Trade Association (GAFTA),Switzerland,CHE,Europe,Global,Trade / Arbitration,"Grains, Feed",3,Companies,United Kingdom; Switzerland; Singapore; China; Ukraine,Corporate membership,"International grain, oilseed, and feed trading companies and service providers, including traders, brokers, inspection firms, arbitrators, and fumigation companies (e.g. Cargill; ADM; Bunge; Louis Dreyfus Company; COFCO International; SGS).",N/A,N/A,Activity,https://www.gafta.com/,HQ: UK,Grain and feed trade contracts; arbitration; trade standards and training,https://www.gafta.com/home-content/about/,"Gafta is an international trade association with over 1900 members in 100 countries. Our aim is to promote international trade in agricultural commodities, spices and general produce, and to protect our members’ interests worldwide.",
Grain and Feed Trade Association (GAFTA),Singapore,SGP,Asia,Global,Trade / Arbitration,"Grains, Feed",3,Companies,United Kingdom; Switzerland; Singapore; China; Ukraine,Corporate membership,"International grain, oilseed, and feed trading companies and service providers, including traders, brokers, inspection firms, arbitrators, and fumigation companies (e.g. Cargill; ADM; Bunge; Louis Dreyfus Company; COFCO International; SGS).",N/A,N/A,Activity,https://www.gafta.com/,HQ: UK,Grain and feed trade contracts; arbitration; trade standards and training,https://www.gafta.com/home-content/about/,"Gafta is an international trade association with over 1900 members in 100 countries. Our aim is to promote international trade in agricultural commodities, spices and general produce, and to protect our members’ interests worldwide.",
Grain and Feed Trade Association (GAFTA),China,CHN,Asia,Global,Trade / Arbitration,"Grains, Feed",3,Companies,United Kingdom; Switzerland; Singapore; China; Ukraine,Corporate membership,"International grain, oilseed, and feed trading companies and service providers, including traders, brokers, inspection firms, arbitrators, and fumigation companies (e.g. Cargill; ADM; Bunge; Louis Dreyfus Company; COFCO International; SGS).",N/A,N/A,Activity,https://www.gafta.com/,HQ: UK,Grain and feed trade contracts; arbitration; trade standards and training,https://www.gafta.com/home-content/about/,"Gafta is an international trade association with over 1900 members in 100 countries. Our aim is to promote international trade in agricultural commodities, spices and general produce, and to protect our members’ interests worldwide.",
International Dairy Federation (FIL/IDF),Belgium,BEL,Europe,Global,Standards / Science,Dairy,3,National Committees / Associations,Belgium; United States; New Zealand; Ireland; Japan,Federated (national committees),"7 member companies: Ajinomoto, The Coca-Cola Company, Ferrero, Grupo Bimbo, Kellanova, Mondelez International, PepsiCo.","Member countries across Europe, Americas, Africa, Asia and Oceania","Dairy production, processing, science, standards and policy",HQ,https://fil-idf.org/,HQ: Belgium,Development of dairy standards; nutrition guidance; international dairy science collaboration,https://fil-idf.org/,"The International Dairy Federation (IDF) represents the global dairy sector and ensures the best scientific expertise is used to support high quality milk and nutritious, safe and sustainable dairy products.",
International Dairy Federation (FIL/IDF),United States,USA,North America,Global,Standards / Science,Dairy,3,National Committees / Associations,Belgium; United States; New Zealand; Ireland; Japan,Federated (national committees),"7 member companies: Ajinomoto, The Coca-Cola Company, Ferrero, Grupo Bimbo, Kellanova, Mondelez International, PepsiCo.","Member countries across Europe, Americas, Africa, Asia and Oceania","Dairy production, processing, science, standards and policy",Activity,https://fil-idf.org/,HQ: Belgium,Development of dairy standards; nutrition guidance; international dairy science collaboration,https://fil-idf.org/,"The International Dairy Federation (IDF) represents the global dairy sector and ensures the best scientific expertise is used to support high quality milk and nutritious, safe and sustainable dairy products.",
International Dairy Federation (FIL/IDF),New Zealand,NZL,Oceania,Global,Standards / Science,Dairy,3,National Committees / Associations,Belgium; United States; New Zealand; Ireland; Japan,Federated (national committees),"7 member companies: Ajinomoto, The Coca-Cola Company, Ferrero, Grupo Bimbo, Kellanova, Mondelez International, PepsiCo.","Member countries across Europe, Americas, Africa, Asia and Oceania","Dairy production, processing, science, standards and policy",Activity,https://fil-idf.org/,HQ: Belgium,Development of dairy standards; nutrition guidance; international dairy science collaboration,https://fil-idf.org/,"The International Dairy Federation (IDF) represents the global dairy sector and ensures the best scientific expertise is used to support high quality milk and nutritious, safe and sustainable dairy products.",
International Dairy Federation (FIL/IDF),Ireland,IRL,Europe,Global,Standards / Science,Dairy,3,National Committees / Associations,Belgium; United States; New Zealand; Ireland; Japan,Federated (national committees),"7 member companies: Ajinomoto, The Coca-Cola Company, Ferrero, Grupo Bimbo, Kellanova, Mondelez International, PepsiCo.","Member countries across Europe, Americas, Africa, Asia and Oceania","Dairy production, processing, science, standards and policy",Activity,https://fil-idf.org/,HQ: Belgium,Development of dairy standards; nutrition guidance; international dairy science collaboration,https://fil-idf.org/,"The International Dairy Federation (IDF) represents the global dairy sector and ensures the best scientific expertise is used to support high quality milk and nutritious, safe and sustainable dairy products.",
International Dairy Federation (FIL/IDF),Japan,JPN,Asia,Global,Standards / Science,Dairy,3,National Committees / Associations,Belgium; United States; New Zealand; Ireland; Japan,Federated (national committees),"7 member companies: Ajinomoto, The Coca-Cola Company, Ferrero, Grupo Bimbo, Kellanova, Mondelez International, PepsiCo.","Member countries across Europe, Americas, Africa, Asia and Oceania","Dairy production, processing, science, standards and policy",Activity,https://fil-idf.org/,HQ: Belgium,Development of dairy standards; nutrition guidance; international dairy science collaboration,https://fil-idf.org/,"The International Dairy Federation (IDF) represents the global dairy sector and ensures the best scientific expertise is used to support high quality milk and nutritious, safe and sustainable dairy products.",
International Fertilizer Association (IFA),France,FRA,Europe,Global,Input Providers,"Fertilizers (nitrogen, phosphate, potash)",3,Companies + Associations,France; United States; India; Brazil; Kenya,Corporate-led federation,"Fertilizer manufacturers, distributors, traders, and research organizations worldwide, including Yara; Nutrien; Mosaic; CF Industries; OCP Group; ICL Group; and regional fertilizer associations.",Approximately 80 countries,"Fertilizers and plant nutrition (nitrogen, phosphate, potash and related services)",HQ,https://www.fertilizer.org/,HQ: France,Fertilizer sustainability policy; nutrient efficiency; agricultural development engagement,https://www.fertilizer.org/,"IFA is the only global fertilizer association and has a membership of around 500 entities in some 80 countries, encompassing all actors in the fertilizer value chain.",
International Fertilizer Association (IFA),United States,USA,North America,Global,Input Providers,"Fertilizers (nitrogen, phosphate, potash)",3,Companies + Associations,France; United States; India; Brazil; Kenya,Corporate-led federation,"Fertilizer manufacturers, distributors, traders, and research organizations worldwide, including Yara; Nutrien; Mosaic; CF Industries; OCP Group; ICL Group; and regional fertilizer associations.",Approximately 80 countries,"Fertilizers and plant nutrition (nitrogen, phosphate, potash and related services)",Activity,https://www.fertilizer.org/,HQ: France,Fertilizer sustainability policy; nutrient efficiency; agricultural development engagement,https://www.fertilizer.org/,"IFA is the only global fertilizer association and has a membership of around 500 entities in some 80 countries, encompassing all actors in the fertilizer value chain.",
International Fertilizer Association (IFA),India,IND,Asia,Global,Input Providers,"Fertilizers (nitrogen, phosphate, potash)",3,Companies + Associations,France; United States; India; Brazil; Kenya,Corporate-led federation,"Fertilizer manufacturers, distributors, traders, and research organizations worldwide, including Yara; Nutrien; Mosaic; CF Industries; OCP Group; ICL Group; and regional fertilizer associations.",Approximately 80 countries,"Fertilizers and plant nutrition (nitrogen, phosphate, potash and related services)",Activity,https://www.fertilizer.org/,HQ: France,Fertilizer sustainability policy; nutrient efficiency; agricultural development engagement,https://www.fertilizer.org/,"IFA is the only global fertilizer association and has a membership of around 500 entities in some 80 countries, encompassing all actors in the fertilizer value chain.",
International Fertilizer Association (IFA),Brazil,BRA,South America,Global,Input Providers,"Fertilizers (nitrogen, phosphate, potash)",3,Companies + Associations,France; United States; India; Brazil; Kenya,Corporate-led federation,"Fertilizer manufacturers, distributors, traders, and research organizations worldwide, including Yara; Nutrien; Mosaic; CF Industries; OCP Group; ICL Group; and regional fertilizer associations.",Approximately 80 countries,"Fertilizers and plant nutrition (nitrogen, phosphate, potash and related services)",Activity,https://www.fertilizer.org/,HQ: France,Fertilizer sustainability policy; nutrient efficiency; agricultural development engagement,https://www.fertilizer.org/,"IFA is the only global fertilizer association and has a membership of around 500 entities in some 80 countries, encompassing all actors in the fertilizer value chain.",
International Fertilizer Association (IFA),Kenya,KEN,Africa,Global,Input Providers,"Fertilizers (nitrogen, phosphate, potash)",3,Companies + Associations,France; United States; India; Brazil; Kenya,Corporate-led federation,"Fertilizer manufacturers, distributors, traders, and research organizations worldwide, including Yara; Nutrien; Mosaic; CF Industries; OCP Group; ICL Group; and regional fertilizer associations.",Approximately 80 countries,"Fertilizers and plant nutrition (nitrogen, phosphate, potash and related services)",Activity,https://www.fertilizer.org/,HQ: France,Fertilizer sustainability policy; nutrient efficiency; agricultural development engagement,https://www.fertilizer.org/,"IFA is the only global fertilizer association and has a membership of around 500 entities in some 80 countries, encompassing all actors in the fertilizer value chain.",
International Food & Beverage Alliance (IFBA),Switzerland,CHE,Europe,Global,Processing / Manufacturing,Processed food & beverages,3,Companies,Switzerland; United States; United Kingdom; France,Closed corporate alliance,Twelve multinational food and non-alcoholic beverage companies: Coca-Cola; Danone; Ferrero; General Mills; Kellogg’s; Mars; McDonald’s; Mondelēz International; Nestlé; PepsiCo; Unilever; Associated British Foods (ABF).,N/A,N/A,HQ,https://ifballiance.org/,HQ: Switzerland,Industry commitments on nutrition; responsible marketing; health reporting,https://ifballiance.org/about-us/,"IFBA was founded in 2008 by the CEOs of leading food and non-alcoholic beverage companies to empower consumers to eat balanced diets and live healthier lives, in support of the World Health Organization’s efforts to improve global public health.",Switzerland-based International Food & Beverage Alliance.
International Food & Beverage Alliance (IFBA),United States,USA,North America,Global,Processing / Manufacturing,Processed food & beverages,3,Companies,Switzerland; United States; United Kingdom; France,Closed corporate alliance,Twelve multinational food and non-alcoholic beverage companies: Coca-Cola; Danone; Ferrero; General Mills; Kellogg’s; Mars; McDonald’s; Mondelēz International; Nestlé; PepsiCo; Unilever; Associated British Foods (ABF).,N/A,N/A,Activity,https://ifballiance.org/,HQ: Switzerland,Industry commitments on nutrition; responsible marketing; health reporting,https://ifballiance.org/about-us/,"IFBA was founded in 2008 by the CEOs of leading food and non-alcoholic beverage companies to empower consumers to eat balanced diets and live healthier lives, in support of the World Health Organization’s efforts to improve global public health.",Switzerland-based International Food & Beverage Alliance.
International Food & Beverage Alliance (IFBA),United Kingdom,GBR,Europe,Global,Processing / Manufacturing,Processed food & beverages,3,Companies,Switzerland; United States; United Kingdom; France,Closed corporate alliance,Twelve multinational food and non-alcoholic beverage companies: Coca-Cola; Danone; Ferrero; General Mills; Kellogg’s; Mars; McDonald’s; Mondelēz International; Nestlé; PepsiCo; Unilever; Associated British Foods (ABF).,N/A,N/A,Activity,https://ifballiance.org/,HQ: Switzerland,Industry commitments on nutrition; responsible marketing; health reporting,https://ifballiance.org/about-us/,"IFBA was founded in 2008 by the CEOs of leading food and non-alcoholic beverage companies to empower consumers to eat balanced diets and live healthier lives, in support of the World Health Organization’s efforts to improve global public health.",Switzerland-based International Food & Beverage Alliance.
International Food & Beverage Alliance (IFBA),France,FRA,Europe,Global,Processing / Manufacturing,Processed food & beverages,3,Companies,Switzerland; United States; United Kingdom; France,Closed corporate alliance,Twelve multinational food and non-alcoholic beverage companies: Coca-Cola; Danone; Ferrero; General Mills; Kellogg’s; Mars; McDonald’s; Mondelēz International; Nestlé; PepsiCo; Unilever; Associated British Foods (ABF).,N/A,N/A,Activity,https://ifballiance.org/,HQ: Switzerland,Industry commitments on nutrition; responsible marketing; health reporting,https://ifballiance.org/about-us/,"IFBA was founded in 2008 by the CEOs of leading food and non-alcoholic beverage companies to empower consumers to eat balanced diets and live healthier lives, in support of the World Health Organization’s efforts to improve global public health.",Switzerland-based International Food & Beverage Alliance.
International Seed Federation (ISF),Switzerland,CHE,Europe,Global,Input Providers,Seeds,3,Companies + Associations,Switzerland; United States; Netherlands; Kenya; Argentina,Federated + corporate,"National seed associations and direct corporate members representing thousands of seed companies, including Bayer Crop Science; Corteva Agriscience; Syngenta Group; BASF; Limagrain; KWS; Sakata Seed.",Close to 80 countries,"Seed breeding, seed trade, seed health/testing and related services",HQ,https://worldseed.org/,HQ: Switzerland,Seed trade policy advocacy; seed health standards; international seed movement,https://worldseed.org/about/,"ISF is a non-governmental, non-profit making organization. ISF has represented its members’ interests since 1924 and is widely regarded as the voice of the global seed industry.",Official website uses the worldseed.org domain for ISF.
International Seed Federation (ISF),United States,USA,North America,Global,Input Providers,Seeds,3,Companies + Associations,Switzerland; United States; Netherlands; Kenya; Argentina,Federated + corporate,"National seed associations and direct corporate members representing thousands of seed companies, including Bayer Crop Science; Corteva Agriscience; Syngenta Group; BASF; Limagrain; KWS; Sakata Seed.",Close to 80 countries,"Seed breeding, seed trade, seed health/testing and related services",Activity,https://worldseed.org/,HQ: Switzerland,Seed trade policy advocacy; seed health standards; international seed movement,https://worldseed.org/about/,"ISF is a non-governmental, non-profit making organization. ISF has represented its members’ interests since 1924 and is widely regarded as the voice of the global seed industry.",Official website uses the worldseed.org domain for ISF.
International Seed Federation (ISF),Netherlands,NLD,Europe,Global,Input Providers,Seeds,3,Companies + Associations,Switzerland; United States; Netherlands; Kenya; Argentina,Federated + corporate,"National seed associations and direct corporate members representing thousands of seed companies, including Bayer Crop Science; Corteva Agriscience; Syngenta Group; BASF; Limagrain; KWS; Sakata Seed.",Close to 80 countries,"Seed breeding, seed trade, seed health/testing and related services",Activity,https://worldseed.org/,HQ: Switzerland,Seed trade policy advocacy; seed health standards; international seed movement,https://worldseed.org/about/,"ISF is a non-governmental, non-profit making organization. ISF has represented its members’ interests since 1924 and is widely regarded as the voice of the global seed industry.",Official website uses the worldseed.org domain for ISF.
International Seed Federation (ISF),Kenya,KEN,Africa,Global,Input Providers,Seeds,3,Companies + Associations,Switzerland; United States; Netherlands; Kenya; Argentina,Federated + corporate,"National seed associations and direct corporate members representing thousands of seed companies, including Bayer Crop Science; Corteva Agriscience; Syngenta Group; BASF; Limagrain; KWS; Sakata Seed.",Close to 80 countries,"Seed breeding, seed trade, seed health/testing and related services",Activity,https://worldseed.org/,HQ: Switzerland,Seed trade policy advocacy; seed health standards; international seed movement,https://worldseed.org/about/,"ISF is a non-governmental, non-profit making organization. ISF has represented its members’ interests since 1924 and is widely regarded as the voice of the global seed industry.",Official website uses the worldseed.org domain for ISF.
International Seed Federation (ISF),Argentina,ARG,South America,Global,Input Providers,Seeds,3,Companies + Associations,Switzerland; United States; Netherlands; Kenya; Argentina,Federated + corporate,"National seed associations and direct corporate members representing thousands of seed companies, including Bayer Crop Science; Corteva Agriscience; Syngenta Group; BASF; Limagrain; KWS; Sakata Seed.",Close to 80 countries,"Seed breeding, seed trade, seed health/testing and related services",Activity,https://worldseed.org/,HQ: Switzerland,Seed trade policy advocacy; seed health standards; international seed movement,https://worldseed.org/about/,"ISF is a non-governmental, non-profit making organization. ISF has represented its members’ interests since 1924 and is widely regarded as the voice of the global seed industry.",Official website uses the worldseed.org domain for ISF.
Nuffield International,Australia,AUS,Oceania,Global,Farmer education & leadership,Multi-commodity,2,Individuals via national bodies,Australia; United Kingdom; Canada; New Zealand; Japan; Chile,Federated (national programs),"National Nuffield Farming Scholarship organizations from member countries (Australia; Canada; France; Ireland; Netherlands; New Zealand; United Kingdom; Zimbabwe) and associate countries, representing individual farmer-scholars and alumni.",Australia; Canada; France; Ireland; Netherlands; New Zealand; United Kingdom; Zimbabwe; Brazil; Kenya; USA; South Africa; Chile; Japan; Germany; Poland,"Multi-commodity agriculture leadership, research and farm management",HQ,http://nuffieldinternational.org/,Global,Agricultural leadership scholarships; international research travel and conferences,http://nuffieldinternational.org/about,"Nuffield International is a unique global network of farmers and agri-professionals that focuses on personal capacity building; excellence in agricultural production, distribution, research, and management; and local, national, and global thought leadership.",
Nuffield International,United Kingdom,GBR,Europe,Global,Farmer education & leadership,Multi-commodity,2,Individuals via national bodies,Australia; United Kingdom; Canada; New Zealand; Japan; Chile,Federated (national programs),"National Nuffield Farming Scholarship organizations from member countries (Australia; Canada; France; Ireland; Netherlands; New Zealand; United Kingdom; Zimbabwe) and associate countries, representing individual farmer-scholars and alumni.",Australia; Canada; France; Ireland; Netherlands; New Zealand; United Kingdom; Zimbabwe; Brazil; Kenya; USA; South Africa; Chile; Japan; Germany; Poland,"Multi-commodity agriculture leadership, research and farm management",Activity,http://nuffieldinternational.org/,Global,Agricultural leadership scholarships; international research travel and conferences,http://nuffieldinternational.org/about,"Nuffield International is a unique global network of farmers and agri-professionals that focuses on personal capacity building; excellence in agricultural production, distribution, research, and management; and local, national, and global thought leadership.",
Nuffield International,Canada,CAN,North America,Global,Farmer education & leadership,Multi-commodity,2,Individuals via national bodies,Australia; United Kingdom; Canada; New Zealand; Japan; Chile,Federated (national programs),"National Nuffield Farming Scholarship organizations from member countries (Australia; Canada; France; Ireland; Netherlands; New Zealand; United Kingdom; Zimbabwe) and associate countries, representing individual farmer-scholars and alumni.",Australia; Canada; France; Ireland; Netherlands; New Zealand; United Kingdom; Zimbabwe; Brazil; Kenya; USA; South Africa; Chile; Japan; Germany; Poland,"Multi-commodity agriculture leadership, research and farm management",Activity,http://nuffieldinternational.org/,Global,Agricultural leadership scholarships; international research travel and conferences,http://nuffieldinternational.org/about,"Nuffield International is a unique global network of farmers and agri-professionals that focuses on personal capacity building; excellence in agricultural production, distribution, research, and management; and local, national, and global thought leadership.",
Nuffield International,New Zealand,NZL,Oceania,Global,Farmer education & leadership,Multi-commodity,2,Individuals via national bodies,Australia; United Kingdom; Canada; New Zealand; Japan; Chile,Federated (national programs),"National Nuffield Farming Scholarship organizations from member countries (Australia; Canada; France; Ireland; Netherlands; New Zealand; United Kingdom; Zimbabwe) and associate countries, representing individual farmer-scholars and alumni.",Australia; Canada; France; Ireland; Netherlands; New Zealand; United Kingdom; Zimbabwe; Brazil; Kenya; USA; South Africa; Chile; Japan; Germany; Poland,"Multi-commodity agriculture leadership, research and farm management",Activity,http://nuffieldinternational.org/,Global,Agricultural leadership scholarships; international research travel and conferences,http://nuffieldinternational.org/about,"Nuffield International is a unique global network of farmers and agri-professionals that focuses on personal capacity building; excellence in agricultural production, distribution, research, and management; and local, national, and global thought leadership.",
Nuffield International,Japan,JPN,Asia,Global,Farmer education & leadership,Multi-commodity,2,Individuals via national bodies,Australia; United Kingdom; Canada; New Zealand; Japan; Chile,Federated (national programs),"National Nuffield Farming Scholarship organizations from member countries (Australia; Canada; France; Ireland; Netherlands; New Zealand; United Kingdom; Zimbabwe) and associate countries, representing individual farmer-scholars and alumni.",Australia; Canada; France; Ireland; Netherlands; New Zealand; United Kingdom; Zimbabwe; Brazil; Kenya; USA; South Africa; Chile; Japan; Germany; Poland,"Multi-commodity agriculture leadership, research and farm management",Activity,http://nuffieldinternational.org/,Global,Agricultural leadership scholarships; international research travel and conferences,http://nuffieldinternational.org/about,"Nuffield International is a unique global network of farmers and agri-professionals that focuses on personal capacity building; excellence in agricultural production, distribution, research, and management; and local, national, and global thought leadership.",
Nuffield International,Chile,CHL,South America,Global,Farmer education & leadership,Multi-commodity,2,Individuals via national bodies,Australia; United Kingdom; Canada; New Zealand; Japan; Chile,Federated (national programs),"National Nuffield Farming Scholarship organizations from member countries (Australia; Canada; France; Ireland; Netherlands; New Zealand; United Kingdom; Zimbabwe) and associate countries, representing individual farmer-scholars and alumni.",Australia; Canada; France; Ireland; Netherlands; New Zealand; United Kingdom; Zimbabwe; Brazil; Kenya; USA; South Africa; Chile; Japan; Germany; Poland,"Multi-commodity agriculture leadership, research and farm management",Activity,http://nuffieldinternational.org/,Global,Agricultural leadership scholarships; international research travel and conferences,http://nuffieldinternational.org/about,"Nuffield International is a unique global network of farmers and agri-professionals that focuses on personal capacity building; excellence in agricultural production, distribution, research, and management; and local, national, and global thought leadership.",
Nuffield Ireland,Ireland,IRL,Europe,National,Farmer education & leadership,Multi-commodity,4,Individuals,Ireland,Individual membership,"Irish Nuffield Farming Scholars and alumni, including farmers, agri-business leaders, advisors, and agri-food professionals.",N/A,N/A,HQ,https://nuffield.ie/,Ireland,leadership scholarship program; international study travel; annual conference; alumni network.,https://nuffield.ie/about-nuffield-ireland/,"Nuffield Ireland’s mission is to discover, inspire and support people to develop their capacity, character and confidence to promote positive change and world class leadership in agriculture, food and farming.",
Seafood Industry Australia,Australia,AUS,Oceania,National,Producers & industry representation,Seafood,3,Companies + Producer Groups,Australia,National industry body,"Australian wild-catch commercial fishers, aquaculture producers, processors, wholesalers, and seafood supply-chain businesses.",N/A,N/A,HQ,https://seafoodindustryaustralia.com.au/,Australia,Seafood industry advocacy; workforce development programs; trade and market engagement,https://seafoodindustryaustralia.com.au/about-us/,"Seafood Industry Australia (SIA) is the national peak-body representing the Australian seafood industry as a whole. With members from the wildcatch, aquaculture and post-harvest sectors of the Australian seafood industry, we are the voice of Australian seafood.",
Solutions from the Land,United States,USA,North America,National,Farmer-led sustainability advocacy,Multi-commodity,1,Farmer leaders + partners,United States,Network / partnership model,"No formal membership; led by a core group of Farmer Envoys and partner organizations from agriculture, agribusiness, conservation NGOs, and science communities.",Primarily United States (with international/UN engagement),"Multi-commodity farming, forestry, conservation, climate-smart agriculture",HQ,https://www.solutionsfromtheland.org/,USA,"Farmer-led climate, conservation, and land-use policy initiatives",https://www.solutionsfromtheland.org/about/,"Solutions from the Land (SfL) has evolved into a 501c3 nonprofit operating in eight states, offering national and global advocacy for land-based solutions to world problems.",
U.S. Dairy Export Council (USDEC),United States,USA,North America,National,Trade (Export Promotion),Dairy,3,Companies + Cooperatives,"China, Japan, South Korea, Mexico, the Middle East, South America, Southeast Asia, and Vietnam.",Corporate membership,"U.S. dairy processors, cooperatives, exporters, and allied companies, including Dairy Farmers of America; Lactalis USA; Leprino Foods; Land O’Lakes; Saputo USA; and ingredient suppliers, supported by the U.S. dairy checkoff.","United States (members), with export representation in multiple global markets","Dairy farming, dairy processing, export trade and dairy ingredients",HQ,https://www.usdec.org/,USA,Dairy export promotion; market development; technical and buyer training,https://www.usdec.org/about-us,"The U.S. Dairy Export Council (USDEC) is a non-profit, independent membership organization that represents the global trade interests of U.S. dairy producers, proprietary processors and cooperatives, ingredient suppliers and export traders.",
U.S. Dairy Export Council (USDEC),China,CHN,Asia,National,Trade (Export Promotion),Dairy,3,Companies + Cooperatives,"China, Japan, South Korea, Mexico, the Middle East, South America, Southeast Asia, and Vietnam.",Corporate membership,"U.S. dairy processors, cooperatives, exporters, and allied companies, including Dairy Farmers of America; Lactalis USA; Leprino Foods; Land O’Lakes; Saputo USA; and ingredient suppliers, supported by the U.S. dairy checkoff.","United States (members), with export representation in multiple global markets","Dairy farming, dairy processing, export trade and dairy ingredients",Activity,https://www.usdec.org/,USA,Dairy export promotion; market development; technical and buyer training,https://www.usdec.org/about-us,"The U.S. Dairy Export Council (USDEC) is a non-profit, independent membership organization that represents the global trade interests of U.S. dairy producers, proprietary processors and cooperatives, ingredient suppliers and export traders.",
U.S. Dairy Export Council (USDEC),Japan,JPN,Asia,National,Trade (Export Promotion),Dairy,3,Companies + Cooperatives,"China, Japan, South Korea, Mexico, the Middle East, South America, Southeast Asia, and Vietnam.",Corporate membership,"U.S. dairy processors, cooperatives, exporters, and allied companies, including Dairy Farmers of America; Lactalis USA; Leprino Foods; Land O’Lakes; Saputo USA; and ingredient suppliers, supported by the U.S. dairy checkoff.","United States (members), with export representation in multiple global markets","Dairy farming, dairy processing, export trade and dairy ingredients",Activity,https://www.usdec.org/,USA,Dairy export promotion; market development; technical and buyer training,https://www.usdec.org/about-us,"The U.S. Dairy Export Council (USDEC) is a non-profit, independent membership organization that represents the global trade interests of U.S. dairy producers, proprietary processors and cooperatives, ingredient suppliers and export traders.",
U.S. Dairy Export Council (USDEC),South Korea,KOR,Asia,National,Trade (Export Promotion),Dairy,3,Companies + Cooperatives,"China, Japan, South Korea, Mexico, the Middle East, South America, Southeast Asia, and Vietnam.",Corporate membership,"U.S. dairy processors, cooperatives, exporters, and allied companies, including Dairy Farmers of America; Lactalis USA; Leprino Foods; Land O’Lakes; Saputo USA; and ingredient suppliers, supported by the U.S. dairy checkoff.","United States (members), with export representation in multiple global markets","Dairy farming, dairy processing, export trade and dairy ingredients",Activity,https://www.usdec.org/,USA,Dairy export promotion; market development; technical and buyer training,https://www.usdec.org/about-us,"The U.S. Dairy Export Council (USDEC) is a non-profit, independent membership organization that represents the global trade interests of U.S. dairy producers, proprietary processors and cooperatives, ingredient suppliers and export traders.",
U.S. Dairy Export Council (USDEC),Mexico,MEX,North America,National,Trade (Export Promotion),Dairy,3,Companies + Cooperatives,"China, Japan, South Korea, Mexico, the Middle East, South America, Southeast Asia, and Vietnam.",Corporate membership,"U.S. dairy processors, cooperatives, exporters, and allied companies, including Dairy Farmers of America; Lactalis USA; Leprino Foods; Land O’Lakes; Saputo USA; and ingredient suppliers, supported by the U.S. dairy checkoff.","United States (members), with export representation in multiple global markets","Dairy farming, dairy processing, export trade and dairy ingredients",Activity,https://www.usdec.org/,USA,Dairy export promotion; market development; technical and buyer training,https://www.usdec.org/about-us,"The U.S. Dairy Export Council (USDEC) is a non-profit, independent membership organization that represents the global trade interests of U.S. dairy producers, proprietary processors and cooperatives, ingredient suppliers and export traders.",
U.S. Dairy Export Council (USDEC),Vietnam,VNM,Asia,National,Trade (Export Promotion),Dairy,3,Companies + Cooperatives,"China, Japan, South Korea, Mexico, the Middle East, South America, Southeast Asia, and Vietnam.",Corporate membership,"U.S. dairy processors, cooperatives, exporters, and allied companies, including Dairy Farmers of America; Lactalis USA; Leprino Foods; Land O’Lakes; Saputo USA; and ingredient suppliers, supported by the U.S. dairy checkoff.","United States (members), with export representation in multiple global markets","Dairy farming, dairy processing, export trade and dairy ingredients",Activity,https://www.usdec.org/,USA,Dairy export promotion; market development; technical and buyer training,https://www.usdec.org/about-us,"The U.S. Dairy Export Council (USDEC) is a non-profit, independent membership organization that represents the global trade interests of U.S. dairy producers, proprietary processors and cooperatives, ingredient suppliers and export traders.",
U.S. Farmers & Ranchers in Action (USFRA),United States,USA,North America,National,Producers & sustainability advocacy,Multi-commodity,2,Associations + Checkoffs,United States,Coalition / alliance,"Coalition of farmer-led organizations, commodity checkoff programs, and agribusiness partners, including American Farm Bureau Federation; National Milk Producers Federation; National Corn Growers Association; and multiple commodity boards.",United States,"Multi-commodity agriculture (beef, dairy, soy, pork, grains, eggs, crop inputs, sustainability)",HQ,https://usfarmersandranchers.org/,USA,Farmer and rancher sustainability leadership; climate and environmental engagement,https://usfarmersandranchers.org/our-story/,"To bring all of American agriculture together, with farmers and ranchers at the center, to collectively identify and tackle critical, long-term issues.",Official mission statement.
U.S. Grains Council,United States,USA,North America,National,Trade & market development,"Grains (Corn, Sorghum, Barley)",3,Producers + Companies,Mexico; Colombia; Japan; South Korea; Egypt; Nigeria,Hybrid (checkoff-based),"U.S. grain producers represented through checkoff programs, agribusiness companies, exporters, and ex-officio government partners (e.g. USDA).","United States (member base), with market-development programs in 50+ countries and the EU","Corn, sorghum, barley, DDGS, ethanol, grain trade and market development",HQ,https://grains.org/,Global,Grain export market development; trade missions; buyer education programs,https://grains.org/about/about-the-council/,"The U.S. Grains & BioProducts Council develops export markets for U.S. barley, corn, sorghum and related products including distiller’s dried grains with solubles (DDGS) and ethanol.",Official site currently brands the organization as the U.S. Grains & BioProducts Council.
U.S. Grains Council,Mexico,MEX,North America,National,Trade & market development,"Grains (Corn, Sorghum, Barley)",3,Producers + Companies,Mexico; Colombia; Japan; South Korea; Egypt; Nigeria,Hybrid (checkoff-based),"U.S. grain producers represented through checkoff programs, agribusiness companies, exporters, and ex-officio government partners (e.g. USDA).","United States (member base), with market-development programs in 50+ countries and the EU","Corn, sorghum, barley, DDGS, ethanol, grain trade and market development",Activity,https://grains.org/,Global,Grain export market development; trade missions; buyer education programs,https://grains.org/about/about-the-council/,"The U.S. Grains & BioProducts Council develops export markets for U.S. barley, corn, sorghum and related products including distiller’s dried grains with solubles (DDGS) and ethanol.",Official site currently brands the organization as the U.S. Grains & BioProducts Council.
U.S. Grains Council,Colombia,COL,South America,National,Trade & market development,"Grains (Corn, Sorghum, Barley)",3,Producers + Companies,Mexico; Colombia; Japan; South Korea; Egypt; Nigeria,Hybrid (checkoff-based),"U.S. grain producers represented through checkoff programs, agribusiness companies, exporters, and ex-officio government partners (e.g. USDA).","United States (member base), with market-development programs in 50+ countries and the EU","Corn, sorghum, barley, DDGS, ethanol, grain trade and market development",Activity,https://grains.org/,Global,Grain export market development; trade missions; buyer education programs,https://grains.org/about/about-the-council/,"The U.S. Grains & BioProducts Council develops export markets for U.S. barley, corn, sorghum and related products including distiller’s dried grains with solubles (DDGS) and ethanol.",Official site currently brands the organization as the U.S. Grains & BioProducts Council.
U.S. Grains Council,Japan,JPN,Asia,National,Trade & market development,"Grains (Corn, Sorghum, Barley)",3,Producers + Companies,Mexico; Colombia; Japan; South Korea; Egypt; Nigeria,Hybrid (checkoff-based),"U.S. grain producers represented through checkoff programs, agribusiness companies, exporters, and ex-officio government partners (e.g. USDA).","United States (member base), with market-development programs in 50+ countries and the EU","Corn, sorghum, barley, DDGS, ethanol, grain trade and market development",Activity,https://grains.org/,Global,Grain export market development; trade missions; buyer education programs,https://grains.org/about/about-the-council/,"The U.S. Grains & BioProducts Council develops export markets for U.S. barley, corn, sorghum and related products including distiller’s dried grains with solubles (DDGS) and ethanol.",Official site currently brands the organization as the U.S. Grains & BioProducts Council.
U.S. Grains Council,South Korea,KOR,Asia,National,Trade & market development,"Grains (Corn, Sorghum, Barley)",3,Producers + Companies,Mexico; Colombia; Japan; South Korea; Egypt; Nigeria,Hybrid (checkoff-based),"U.S. grain producers represented through checkoff programs, agribusiness companies, exporters, and ex-officio government partners (e.g. USDA).","United States (member base), with market-development programs in 50+ countries and the EU","Corn, sorghum, barley, DDGS, ethanol, grain trade and market development",Activity,https://grains.org/,Global,Grain export market development; trade missions; buyer education programs,https://grains.org/about/about-the-council/,"The U.S. Grains & BioProducts Council develops export markets for U.S. barley, corn, sorghum and related products including distiller’s dried grains with solubles (DDGS) and ethanol.",Official site currently brands the organization as the U.S. Grains & BioProducts Council.
U.S. Grains Council,Egypt,EGY,Africa,National,Trade & market development,"Grains (Corn, Sorghum, Barley)",3,Producers + Companies,Mexico; Colombia; Japan; South Korea; Egypt; Nigeria,Hybrid (checkoff-based),"U.S. grain producers represented through checkoff programs, agribusiness companies, exporters, and ex-officio government partners (e.g. USDA).","United States (member base), with market-development programs in 50+ countries and the EU","Corn, sorghum, barley, DDGS, ethanol, grain trade and market development",Activity,https://grains.org/,Global,Grain export market development; trade missions; buyer education programs,https://grains.org/about/about-the-council/,"The U.S. Grains & BioProducts Council develops export markets for U.S. barley, corn, sorghum and related products including distiller’s dried grains with solubles (DDGS) and ethanol.",Official site currently brands the organization as the U.S. Grains & BioProducts Council.
U.S. Grains Council,Nigeria,NGA,Africa,National,Trade & market development,"Grains (Corn, Sorghum, Barley)",3,Producers + Companies,Mexico; Colombia; Japan; South Korea; Egypt; Nigeria,Hybrid (checkoff-based),"U.S. grain producers represented through checkoff programs, agribusiness companies, exporters, and ex-officio government partners (e.g. USDA).","United States (member base), with market-development programs in 50+ countries and the EU","Corn, sorghum, barley, DDGS, ethanol, grain trade and market development",Activity,https://grains.org/,Global,Grain export market development; trade missions; buyer education programs,https://grains.org/about/about-the-council/,"The U.S. Grains & BioProducts Council develops export markets for U.S. barley, corn, sorghum and related products including distiller’s dried grains with solubles (DDGS) and ethanol.",Official site currently brands the organization as the U.S. Grains & BioProducts Council.
U.S. Soybean Export Council (USSEC),United States,USA,North America,National,Trade (Export Promotion),Soybeans,3,Producers + Companies,Vietnam; China; Indonesia; Philippines; Egypt,Hybrid (producer-led),"U.S. soybean producers represented by the American Soybean Association (ASA) and United Soybean Board (USB), alongside exporters, processors, and allied industry partners.","United States (member base), network reaches 80+ countries","Soybean value chain (production, processing, exports, feed, food, aquaculture)",HQ,https://ussec.org/,USA,Soy export promotion; sustainability certification; capacity building,https://ussec.org/about-ussec/,"The U.S. Soybean Export Council (USSEC) champions U.S. Soy worldwide. Through innovation, sustainability and partnerships, we connect farmers to global markets.",
U.S. Soybean Export Council (USSEC),Vietnam,VNM,Asia,National,Trade (Export Promotion),Soybeans,3,Producers + Companies,Vietnam; China; Indonesia; Philippines; Egypt,Hybrid (producer-led),"U.S. soybean producers represented by the American Soybean Association (ASA) and United Soybean Board (USB), alongside exporters, processors, and allied industry partners.","United States (member base), network reaches 80+ countries","Soybean value chain (production, processing, exports, feed, food, aquaculture)",Activity,https://ussec.org/,USA,Soy export promotion; sustainability certification; capacity building,https://ussec.org/about-ussec/,"The U.S. Soybean Export Council (USSEC) champions U.S. Soy worldwide. Through innovation, sustainability and partnerships, we connect farmers to global markets.",
U.S. Soybean Export Council (USSEC),China,CHN,Asia,National,Trade (Export Promotion),Soybeans,3,Producers + Companies,Vietnam; China; Indonesia; Philippines; Egypt,Hybrid (producer-led),"U.S. soybean producers represented by the American Soybean Association (ASA) and United Soybean Board (USB), alongside exporters, processors, and allied industry partners.","United States (member base), network reaches 80+ countries","Soybean value chain (production, processing, exports, feed, food, aquaculture)",Activity,https://ussec.org/,USA,Soy export promotion; sustainability certification; capacity building,https://ussec.org/about-ussec/,"The U.S. Soybean Export Council (USSEC) champions U.S. Soy worldwide. Through innovation, sustainability and partnerships, we connect farmers to global markets.",
U.S. Soybean Export Council (USSEC),Indonesia,IDN,Asia,National,Trade (Export Promotion),Soybeans,3,Producers + Companies,Vietnam; China; Indonesia; Philippines; Egypt,Hybrid (producer-led),"U.S. soybean producers represented by the American Soybean Association (ASA) and United Soybean Board (USB), alongside exporters, processors, and allied industry partners.","United States (member base), network reaches 80+ countries","Soybean value chain (production, processing, exports, feed, food, aquaculture)",Activity,https://ussec.org/,USA,Soy export promotion; sustainability certification; capacity building,https://ussec.org/about-ussec/,"The U.S. Soybean Export Council (USSEC) champions U.S. Soy worldwide. Through innovation, sustainability and partnerships, we connect farmers to global markets.",
U.S. Soybean Export Council (USSEC),Philippines,PHL,Asia,National,Trade (Export Promotion),Soybeans,3,Producers + Companies,Vietnam; China; Indonesia; Philippines; Egypt,Hybrid (producer-led),"U.S. soybean producers represented by the American Soybean Association (ASA) and United Soybean Board (USB), alongside exporters, processors, and allied industry partners.","United States (member base), network reaches 80+ countries","Soybean value chain (production, processing, exports, feed, food, aquaculture)",Activity,https://ussec.org/,USA,Soy export promotion; sustainability certification; capacity building,https://ussec.org/about-ussec/,"The U.S. Soybean Export Council (USSEC) champions U.S. Soy worldwide. Through innovation, sustainability and partnerships, we connect farmers to global markets.",
U.S. Soybean Export Council (USSEC),Egypt,EGY,Africa,National,Trade (Export Promotion),Soybeans,3,Producers + Companies,Vietnam; China; Indonesia; Philippines; Egypt,Hybrid (producer-led),"U.S. soybean producers represented by the American Soybean Association (ASA) and United Soybean Board (USB), alongside exporters, processors, and allied industry partners.","United States (member base), network reaches 80+ countries","Soybean value chain (production, processing, exports, feed, food, aquaculture)",Activity,https://ussec.org/,USA,Soy export promotion; sustainability certification; capacity building,https://ussec.org/about-ussec/,"The U.S. Soybean Export Council (USSEC) champions U.S. Soy worldwide. Through innovation, sustainability and partnerships, we connect farmers to global markets.",
Sorghum United,United States,USA,North America,Global,Value-Chain Coordination & Advocacy,"Sorghum, Millets",2,Mixed stakeholders,United States; India; Kenya; Zimbabwe; Malawi; Philippines,Network / NGO-style,"Global network of sorghum and millet farmers, researchers, processors, NGOs, and consumer-facing brands focused on sustainability and market development.",United States; Philippines; India; Kenya; Zimbabwe; Malawi; South Africa; additional regions in Africa/Europe/Latin America,"Sorghum and millets value chains, food security, climate-resilient agriculture",HQ,https://sorghumunited.org/,USA,Food security projects; sorghum and millet value chain development,https://sorghumunited.org/about/,Sorghum United Foundation is a global non-profit on a mission to transform food systems through the power of sorghum and other climate-resilient crops.,Official site presents the organization as Sorghum United Foundation.
Sorghum United,India,IND,Asia,Global,Value-Chain Coordination & Advocacy,"Sorghum, Millets",2,Mixed stakeholders,United States; India; Kenya; Zimbabwe; Malawi; Philippines,Network / NGO-style,"Global network of sorghum and millet farmers, researchers, processors, NGOs, and consumer-facing brands focused on sustainability and market development.",United States; Philippines; India; Kenya; Zimbabwe; Malawi; South Africa; additional regions in Africa/Europe/Latin America,"Sorghum and millets value chains, food security, climate-resilient agriculture",Activity,https://sorghumunited.org/,USA,Food security projects; sorghum and millet value chain development,https://sorghumunited.org/about/,Sorghum United Foundation is a global non-profit on a mission to transform food systems through the power of sorghum and other climate-resilient crops.,Official site presents the organization as Sorghum United Foundation.
Sorghum United,Kenya,KEN,Africa,Global,Value-Chain Coordination & Advocacy,"Sorghum, Millets",2,Mixed stakeholders,United States; India; Kenya; Zimbabwe; Malawi; Philippines,Network / NGO-style,"Global network of sorghum and millet farmers, researchers, processors, NGOs, and consumer-facing brands focused on sustainability and market development.",United States; Philippines; India; Kenya; Zimbabwe; Malawi; South Africa; additional regions in Africa/Europe/Latin America,"Sorghum and millets value chains, food security, climate-resilient agriculture",Activity,https://sorghumunited.org/,USA,Food security projects; sorghum and millet value chain development,https://sorghumunited.org/about/,Sorghum United Foundation is a global non-profit on a mission to transform food systems through the power of sorghum and other climate-resilient crops.,Official site presents the organization as Sorghum United Foundation.
Sorghum United,Zimbabwe,ZWE,Africa,Global,Value-Chain Coordination & Advocacy,"Sorghum, Millets",2,Mixed stakeholders,United States; India; Kenya; Zimbabwe; Malawi; Philippines,Network / NGO-style,"Global network of sorghum and millet farmers, researchers, processors, NGOs, and consumer-facing brands focused on sustainability and market development.",United States; Philippines; India; Kenya; Zimbabwe; Malawi; South Africa; additional regions in Africa/Europe/Latin America,"Sorghum and millets value chains, food security, climate-resilient agriculture",Activity,https://sorghumunited.org/,USA,Food security projects; sorghum and millet value chain development,https://sorghumunited.org/about/,Sorghum United Foundation is a global non-profit on a mission to transform food systems through the power of sorghum and other climate-resilient crops.,Official site presents the organization as Sorghum United Foundation.
Sorghum United,Malawi,MWI,Africa,Global,Value-Chain Coordination & Advocacy,"Sorghum, Millets",2,Mixed stakeholders,United States; India; Kenya; Zimbabwe; Malawi; Philippines,Network / NGO-style,"Global network of sorghum and millet farmers, researchers, processors, NGOs, and consumer-facing brands focused on sustainability and market development.",United States; Philippines; India; Kenya; Zimbabwe; Malawi; South Africa; additional regions in Africa/Europe/Latin America,"Sorghum and millets value chains, food security, climate-resilient agriculture",Activity,https://sorghumunited.org/,USA,Food security projects; sorghum and millet value chain development,https://sorghumunited.org/about/,Sorghum United Foundation is a global non-profit on a mission to transform food systems through the power of sorghum and other climate-resilient crops.,Official site presents the organization as Sorghum United Foundation.
Sorghum United,Philippines,PHL,Asia,Global,Value-Chain Coordination & Advocacy,"Sorghum, Millets",2,Mixed stakeholders,United States; India; Kenya; Zimbabwe; Malawi; Philippines,Network / NGO-style,"Global network of sorghum and millet farmers, researchers, processors, NGOs, and consumer-facing brands focused on sustainability and market development.",United States; Philippines; India; Kenya; Zimbabwe; Malawi; South Africa; additional regions in Africa/Europe/Latin America,"Sorghum and millets value chains, food security, climate-resilient agriculture",Activity,https://sorghumunited.org/,USA,Food security projects; sorghum and millet value chain development,https://sorghumunited.org/about/,Sorghum United Foundation is a global non-profit on a mission to transform food systems through the power of sorghum and other climate-resilient crops.,Official site presents the organization as Sorghum United Foundation.
AFIA (American Feed Industry Association),United States,USA,North America,National,Input Suppliers / Manufacturing,"Animal Feed (including ingredients like corn, soybeans, vitamins, and additives).",3,Companies,United States,Corporate membership,"U.S. feed manufacturers, ingredient suppliers, premix companies, equipment manufacturers, and pet food companies (600+ members representing ~75% of U.S. commercial feed production).",N/A,N/A,HQ,https://www.afia.org/,USA,Animal feed industry advocacy; regulatory engagement; industry education,https://www.afia.org/about-afia/,"The American Feed Industry Association® (AFIA), based in Arlington, Va., is the world’s largest organization devoted exclusively to representing the business, legislative and regulatory interests of the U.S. animal food industry and its suppliers.",
Cattle Canada,Canada,CAN,North America,National,Producers / Industry Representation,"Cattle, Beef",3,Producer Associations,Canada,Federated (provincial associations),Provincial cattle producer associations including Alberta Beef Producers; Saskatchewan Stock Growers Association; Manitoba Beef Producers; Beef Farmers of Ontario; Atlantic Beef Producers.,Canada,Cattle/beef production and related producer representation,HQ,https://www.cattle.ca/,Canada,Beef industry advocacy; sustainability programs; research coordination,https://www.cattle.ca/,"The Canadian Cattle Association (CCA) is the national voice of Canada’s 60,000 beef farms and feedlots.",Official site identifies the organization as the Canadian Cattle Association.
United States Council for International Business (USCIB),United States,USA,North America,National,Trade / Industry Association (business advocacy),Multi-sector (cross-industry),4,Companies + Associations,United States; global (multilateral forums + worldwide network),Corporate membership,"300+ members including multinational companies, professional firms/law firms, and business associations",United States (member base) with global business operations,"Cross-sector business policy (trade, investment, digital, tax, labor, sustainability, dispute resolution)",HQ,https://uscib.org/,USA,International trade & investment policy advocacy; business representation via ICC/Business at OECD (BIAC)/IOE; standards & responsible business conduct; ATA Carnet guaranteeing/administration,https://uscib.org/uscib-at-a-glance-ud-2410/,The United States Council for International Business (USCIB) powers the success of US business across the globe.,
International Beverage Association,United States,USA,North America,Global,Trade / Industry Association (non-alcoholic beverages),Non-alcoholic beverages,4,Associations + Companies,Global (members operate in 200+ countries and territories); USA-based,Federated + corporate (trade association membership),Members include national/regional beverage associations plus multinational beverage companies operating in 200+ countries,"200+ countries/territories (association examples include US, Australia, Brazil, UK, Canada, China, India, Japan, Mexico, South Africa, Argentina, Colombia, Ecuador, Uzbekistan)","Non-alcoholic beverages (soft drinks, juices, bottled water, energy drinks and related categories)",HQ,https://www.icba-net.org/,"HQ: USA (Washington, DC)","Global policy advocacy before UN-related agencies; industry commitments (e.g., marketing/communications standards); Codex observer; regional groups (APAC, LATAM, Africa)",https://www.icba-net.org/,The International Council of Beverages Associations is the voice of the dynamic and diverse global non-alcoholic beverage industry.,No separate verified site under the exact workbook name was found; the profile matches ICBA.
International Food & Beverage Association (IFBA),Singapore,SGP,Asia,Global,Professional / hospitality association network (association for associations),Food & beverage,3,Associations (hospitality professionals),Global; Singapore-based,Federated (association of associations),National food & beverage manager/executive associations (founding members include FBMA Singapore; Malaysian F&B Executives Association; FBMA e.V. Germany; Cambodian Restaurant Association; plus other national associations),Cambodia; China; Greece; Germany; Indonesia; United Kingdom; Malaysia; Singapore; Switzerland; Taiwan; Spain/Ibero-America,"Hospitality food and beverage management, restaurants, hotels, professional training/networking",HQ,https://www.ifbaworld.com/,HQ: Singapore,Professional knowledge-sharing & networking; events and training; membership for national F&B manager/executive associations,https://www.ifbaworld.com/about-us/,International Food & Beverage Association is a nonprofit representation voice in the global hospitality landscape.,Singapore-registered nonprofit hospitality association network.
GrainGrowers (Australia),Australia,AUS,Oceania,National,Producers (farmers) / grower advocacy,"Grains (wheat, barley, canola, pulses, etc.)",4,Individual Farmers,Australia,Individual membership (free),"Australian grain farmers (membership free; 15,100 members)",N/A,N/A,HQ,https://www.graingrowers.com.au/,Australia,Policy & advocacy; grower engagement; thought leadership; investment in future-focused activities,https://www.graingrowers.com.au/,GrainGrowers is a national organisation working to enhance the profitability and sustainability of Australian grain farmers.,
International Council of Beverages Associations (ICBA),United States,USA,North America,Global,Trade / Industry Association (non-alcoholic beverages),Non-alcoholic beverages,4,Associations + Companies,Global (members operate in 200+ countries and territories); USA-based,Federated + corporate (trade association membership),Members include national/regional beverage associations plus multinational beverage companies operating in 200+ countries,"200+ countries/territories (including association members in US, Australia, Brazil, UK, Canada, China, India, Japan, Mexico, South Africa, Argentina, Colombia, Ecuador, Uzbekistan)",Non-alcoholic beverage sector and beverage trade associations,HQ,https://www.icba-net.org/,"HQ: USA (Washington, DC)","Global policy advocacy before UN-related agencies; industry commitments (e.g., marketing/communications standards); Codex observer; regional groups (APAC, LATAM, Africa)",https://www.icba-net.org/about-us/,The International Council of Beverages Associations (ICBA) drives the strategic agenda among global beverage association members and is the voice for the beverage industry before global policy-setting forums such as the United Nations and its related agencies.,
